backend,total_blocks,image_size_kb,rep,metric,value
row,64,256,1,snapshot_create_us,94.87499482929707
row,64,256,1,write_during_snap_total_us,78.66695523262024
row,64,256,1,write_during_snap_per_block_us,13.111159205436707
row,64,256,1,num_writes,6
row,64,256,1,delta_block_count,6
row,64,256,1,discard_us,92.25006215274334
row,64,256,1,commit_us,361.1249849200249
row,64,256,2,snapshot_create_us,115.12497439980507
row,64,256,2,write_during_snap_total_us,84.66700091958046
row,64,256,2,write_during_snap_per_block_us,14.111166819930077
row,64,256,2,num_writes,6
row,64,256,2,delta_block_count,6
row,64,256,2,discard_us,112.95918375253677
row,64,256,2,commit_us,311.3748971372843
row,64,256,3,snapshot_create_us,109.50001887977123
row,64,256,3,write_during_snap_total_us,90.95808491110802
row,64,256,3,write_during_snap_per_block_us,15.159680818518003
row,64,256,3,num_writes,6
row,64,256,3,delta_block_count,6
row,64,256,3,discard_us,101.58400982618332
row,64,256,3,commit_us,304.332934319973
row,64,256,4,snapshot_create_us,74.70790296792984
row,64,256,4,write_during_snap_total_us,76.95797830820084
row,64,256,4,write_during_snap_per_block_us,12.826329718033472
row,64,256,4,num_writes,6
row,64,256,4,delta_block_count,6
row,64,256,4,discard_us,69.58283483982086
row,64,256,4,commit_us,292.5409935414791
row,64,256,5,snapshot_create_us,114.54103514552116
row,64,256,5,write_during_snap_total_us,63.33296187222004
row,64,256,5,write_during_snap_per_block_us,10.555493645370007
row,64,256,5,num_writes,6
row,64,256,5,delta_block_count,6
row,64,256,5,discard_us,89.332927018404
row,64,256,5,commit_us,336.1250273883343
row,64,256,6,snapshot_create_us,83.79202336072922
row,64,256,6,write_during_snap_total_us,79.79199290275574
row,64,256,6,write_during_snap_per_block_us,13.298665483792623
row,64,256,6,num_writes,6
row,64,256,6,delta_block_count,6
row,64,256,6,discard_us,82.37501606345177
row,64,256,6,commit_us,3039.7919472306967
row,64,256,7,snapshot_create_us,70.75001485645771
row,64,256,7,write_during_snap_total_us,75.95820352435112
row,64,256,7,write_during_snap_per_block_us,12.659700587391853
row,64,256,7,num_writes,6
row,64,256,7,delta_block_count,6
row,64,256,7,discard_us,67.9579097777605
row,64,256,7,commit_us,322.62480817735195
row,64,256,8,snapshot_create_us,84.9999487400055
row,64,256,8,write_during_snap_total_us,68.79190914332867
row,64,256,8,write_during_snap_per_block_us,11.465318190554777
row,64,256,8,num_writes,6
row,64,256,8,delta_block_count,6
row,64,256,8,discard_us,67.54091009497643
row,64,256,8,commit_us,307.83400870859623
row,64,256,9,snapshot_create_us,90.70779196918011
row,64,256,9,write_during_snap_total_us,69.58399899303913
row,64,256,9,write_during_snap_per_block_us,11.597333165506521
row,64,256,9,num_writes,6
row,64,256,9,delta_block_count,6
row,64,256,9,discard_us,67.16698408126831
row,64,256,9,commit_us,312.6668743789196
row,64,256,10,snapshot_create_us,81.12494833767414
row,64,256,10,write_during_snap_total_us,68.25011223554611
row,64,256,10,write_during_snap_per_block_us,11.375018705924353
row,64,256,10,num_writes,6
row,64,256,10,delta_block_count,6
row,64,256,10,discard_us,67.33299233019352
row,64,256,10,commit_us,309.8337911069393
row,256,1024,1,snapshot_create_us,93.83284486830235
row,256,1024,1,write_during_snap_total_us,314.54209238290787
row,256,1024,1,write_during_snap_per_block_us,12.581683695316315
row,256,1024,1,num_writes,25
row,256,1024,1,delta_block_count,25
row,256,1024,1,discard_us,115.58295227587223
row,256,1024,1,commit_us,1304.958015680313
row,256,1024,2,snapshot_create_us,116.74989946186543
row,256,1024,2,write_during_snap_total_us,347.4999684840441
row,256,1024,2,write_during_snap_per_block_us,13.899998739361763
row,256,1024,2,num_writes,25
row,256,1024,2,delta_block_count,25
row,256,1024,2,discard_us,146.6250978410244
row,256,1024,2,commit_us,857.2500664740801
row,256,1024,3,snapshot_create_us,411.7500502616167
row,256,1024,3,write_during_snap_total_us,364.0840295702219
row,256,1024,3,write_during_snap_per_block_us,14.563361182808876
row,256,1024,3,num_writes,25
row,256,1024,3,delta_block_count,25
row,256,1024,3,discard_us,143.9168117940426
row,256,1024,3,commit_us,844.1670797765255
row,256,1024,4,snapshot_create_us,98.04219007492065
row,256,1024,4,write_during_snap_total_us,311.04194931685925
row,256,1024,4,write_during_snap_per_block_us,12.44167797267437
row,256,1024,4,num_writes,25
row,256,1024,4,delta_block_count,25
row,256,1024,4,discard_us,109.54099707305431
row,256,1024,4,commit_us,2005.833899602294
row,256,1024,5,snapshot_create_us,101.58400982618332
row,256,1024,5,write_during_snap_total_us,312.6249648630619
row,256,1024,5,write_during_snap_per_block_us,12.504998594522476
row,256,1024,5,num_writes,25
row,256,1024,5,delta_block_count,25
row,256,1024,5,discard_us,111.54194362461567
row,256,1024,5,commit_us,888.5001298040152
row,256,1024,6,snapshot_create_us,950.666842982173
row,256,1024,6,write_during_snap_total_us,315.87504781782627
row,256,1024,6,write_during_snap_per_block_us,12.63500191271305
row,256,1024,6,num_writes,25
row,256,1024,6,delta_block_count,25
row,256,1024,6,discard_us,118.12499724328518
row,256,1024,6,commit_us,860.5830371379852
row,256,1024,7,snapshot_create_us,99.12485256791115
row,256,1024,7,write_during_snap_total_us,313.3330028504133
row,256,1024,7,write_during_snap_per_block_us,12.533320114016533
row,256,1024,7,num_writes,25
row,256,1024,7,delta_block_count,25
row,256,1024,7,discard_us,111.41691356897354
row,256,1024,7,commit_us,2307.875081896782
row,256,1024,8,snapshot_create_us,116.45792983472347
row,256,1024,8,write_during_snap_total_us,297.0420755445957
row,256,1024,8,write_during_snap_per_block_us,11.881683021783829
row,256,1024,8,num_writes,25
row,256,1024,8,delta_block_count,25
row,256,1024,8,discard_us,126.12505815923214
row,256,1024,8,commit_us,958.7910026311874
row,256,1024,9,snapshot_create_us,1127.0828545093536
row,256,1024,9,write_during_snap_total_us,339.41701985895634
row,256,1024,9,write_during_snap_per_block_us,13.576680794358253
row,256,1024,9,num_writes,25
row,256,1024,9,delta_block_count,25
row,256,1024,9,discard_us,160.87479889392853
row,256,1024,9,commit_us,919.8340121656656
row,256,1024,10,snapshot_create_us,95.87500244379044
row,256,1024,10,write_during_snap_total_us,309.2079423367977
row,256,1024,10,write_during_snap_per_block_us,12.368317693471909
row,256,1024,10,num_writes,25
row,256,1024,10,delta_block_count,25
row,256,1024,10,discard_us,110.75008660554886
row,256,1024,10,commit_us,1911.7910414934158
row,1024,4096,1,snapshot_create_us,211.0837958753109
row,1024,4096,1,write_during_snap_total_us,1151.166157796979
row,1024,4096,1,write_during_snap_per_block_us,11.285942723499794
row,1024,4096,1,num_writes,102
row,1024,4096,1,delta_block_count,102
row,1024,4096,1,discard_us,314.7078678011894
row,1024,4096,1,commit_us,3218.3341681957245
row,1024,4096,2,snapshot_create_us,525.7078446447849
row,1024,4096,2,write_during_snap_total_us,3981.292014941573
row,1024,4096,2,write_during_snap_per_block_us,39.032274656289935
row,1024,4096,2,num_writes,102
row,1024,4096,2,delta_block_count,102
row,1024,4096,2,discard_us,324.29187558591366
row,1024,4096,2,commit_us,3115.5000906437635
row,1024,4096,3,snapshot_create_us,374.16606210172176
row,1024,4096,3,write_during_snap_total_us,1175.3749568015337
row,1024,4096,3,write_during_snap_per_block_us,11.523283890211115
row,1024,4096,3,num_writes,102
row,1024,4096,3,delta_block_count,102
row,1024,4096,3,discard_us,313.95815312862396
row,1024,4096,3,commit_us,3448.749892413616
row,1024,4096,4,snapshot_create_us,405.04196658730507
row,1024,4096,4,write_during_snap_total_us,4014.665959402919
row,1024,4096,4,write_during_snap_per_block_us,39.35947019022469
row,1024,4096,4,num_writes,102
row,1024,4096,4,delta_block_count,102
row,1024,4096,4,discard_us,324.0827936679125
row,1024,4096,4,commit_us,3402.541857212782
row,1024,4096,5,snapshot_create_us,860.3751193732023
row,1024,4096,5,write_during_snap_total_us,1360.7910368591547
row,1024,4096,5,write_during_snap_per_block_us,13.341088596658379
row,1024,4096,5,num_writes,102
row,1024,4096,5,delta_block_count,102
row,1024,4096,5,discard_us,411.0410809516907
row,1024,4096,5,commit_us,3172.7920286357403
row,1024,4096,6,snapshot_create_us,243.6661161482334
row,1024,4096,6,write_during_snap_total_us,1185.1659510284662
row,1024,4096,6,write_during_snap_per_block_us,11.619274029690846
row,1024,4096,6,num_writes,102
row,1024,4096,6,delta_block_count,102
row,1024,4096,6,discard_us,322.6660192012787
row,1024,4096,6,commit_us,3312.499960884452
row,1024,4096,7,snapshot_create_us,226.83292627334595
row,1024,4096,7,write_during_snap_total_us,1140.9169528633356
row,1024,4096,7,write_during_snap_per_block_us,11.185460322189565
row,1024,4096,7,num_writes,102
row,1024,4096,7,delta_block_count,102
row,1024,4096,7,discard_us,317.04199500381947
row,1024,4096,7,commit_us,3075.2921011298895
row,1024,4096,8,snapshot_create_us,558.250118046999
row,1024,4096,8,write_during_snap_total_us,1264.8750562220812
row,1024,4096,8,write_during_snap_per_block_us,12.400735845314522
row,1024,4096,8,num_writes,102
row,1024,4096,8,delta_block_count,102
row,1024,4096,8,discard_us,312.0838664472103
row,1024,4096,8,commit_us,3122.1669632941484
row,1024,4096,9,snapshot_create_us,492.91597679257393
row,1024,4096,9,write_during_snap_total_us,2923.1670778244734
row,1024,4096,9,write_during_snap_per_block_us,28.65850076298503
row,1024,4096,9,num_writes,102
row,1024,4096,9,delta_block_count,102
row,1024,4096,9,discard_us,318.0417697876692
row,1024,4096,9,commit_us,2978.9998661726713
row,1024,4096,10,snapshot_create_us,521.6249264776707
row,1024,4096,10,write_during_snap_total_us,4426.667001098394
row,1024,4096,10,write_during_snap_per_block_us,43.398696089199944
row,1024,4096,10,num_writes,102
row,1024,4096,10,delta_block_count,102
row,1024,4096,10,discard_us,338.9168996363878
row,1024,4096,10,commit_us,3145.4998534172773
row,4096,16384,1,snapshot_create_us,1580.1249537616968
row,4096,16384,1,write_during_snap_total_us,11740.750167518854
row,4096,16384,1,write_during_snap_per_block_us,28.70599062963045
row,4096,16384,1,num_writes,409
row,4096,16384,1,delta_block_count,409
row,4096,16384,1,discard_us,1184.9168222397566
row,4096,16384,1,commit_us,11961.417039856315
row,4096,16384,2,snapshot_create_us,1532.7499713748693
row,4096,16384,2,write_during_snap_total_us,12248.292099684477
row,4096,16384,2,write_during_snap_per_block_us,29.9469244491063
row,4096,16384,2,num_writes,409
row,4096,16384,2,delta_block_count,409
row,4096,16384,2,discard_us,1162.3750906437635
row,4096,16384,2,commit_us,12141.291983425617
row,4096,16384,3,snapshot_create_us,2332.041971385479
row,4096,16384,3,write_during_snap_total_us,13536.290964111686
row,4096,16384,3,write_during_snap_per_block_us,33.09606592692344
row,4096,16384,3,num_writes,409
row,4096,16384,3,delta_block_count,409
row,4096,16384,3,discard_us,1234.7088195383549
row,4096,16384,3,commit_us,12055.957922711968
row,4096,16384,4,snapshot_create_us,1383.249880746007
row,4096,16384,4,write_during_snap_total_us,13427.000027149916
row,4096,16384,4,write_during_snap_per_block_us,32.82885092212693
row,4096,16384,4,num_writes,409
row,4096,16384,4,delta_block_count,409
row,4096,16384,4,discard_us,1230.1248498260975
row,4096,16384,4,commit_us,12719.291960820556
row,4096,16384,5,snapshot_create_us,1480.4999809712172
row,4096,16384,5,write_during_snap_total_us,12340.540997684002
row,4096,16384,5,write_during_snap_per_block_us,30.172471876978
row,4096,16384,5,num_writes,409
row,4096,16384,5,delta_block_count,409
row,4096,16384,5,discard_us,1315.1250313967466
row,4096,16384,5,commit_us,12362.665962427855
row,4096,16384,6,snapshot_create_us,1151.0830372571945
row,4096,16384,6,write_during_snap_total_us,12484.415899962187
row,4096,16384,6,write_during_snap_per_block_us,30.524244254186275
row,4096,16384,6,num_writes,409
row,4096,16384,6,delta_block_count,409
row,4096,16384,6,discard_us,1246.9999492168427
row,4096,16384,6,commit_us,12468.12497265637
row,4096,16384,7,snapshot_create_us,2029.1248802095652
row,4096,16384,7,write_during_snap_total_us,14214.58413824439
row,4096,16384,7,write_during_snap_per_block_us,34.754484445585305
row,4096,16384,7,num_writes,409
row,4096,16384,7,delta_block_count,409
row,4096,16384,7,discard_us,1248.4579347074032
row,4096,16384,7,commit_us,12146.332999691367
row,4096,16384,8,snapshot_create_us,1152.2499844431877
row,4096,16384,8,write_during_snap_total_us,15371.875138953328
row,4096,16384,8,write_during_snap_per_block_us,37.58404679450692
row,4096,16384,8,num_writes,409
row,4096,16384,8,delta_block_count,409
row,4096,16384,8,discard_us,1334.5410116016865
row,4096,16384,8,commit_us,12460.917001590133
row,4096,16384,9,snapshot_create_us,1914.2921082675457
row,4096,16384,9,write_during_snap_total_us,10939.874919131398
row,4096,16384,9,write_during_snap_per_block_us,26.74786043797408
row,4096,16384,9,num_writes,409
row,4096,16384,9,delta_block_count,409
row,4096,16384,9,discard_us,1265.2080040425062
row,4096,16384,9,commit_us,11848.666938021779
row,4096,16384,10,snapshot_create_us,1491.582952439785
row,4096,16384,10,write_during_snap_total_us,11837.499914690852
row,4096,16384,10,write_during_snap_per_block_us,28.94254257870624
row,4096,16384,10,num_writes,409
row,4096,16384,10,delta_block_count,409
row,4096,16384,10,discard_us,1295.4170815646648
row,4096,16384,10,commit_us,12333.292048424482
row,16384,65536,1,snapshot_create_us,156.74997121095657
row,16384,65536,1,write_during_snap_total_us,5852.750036865473
row,16384,65536,1,write_during_snap_per_block_us,3.573107470613842
row,16384,65536,1,num_writes,1638
row,16384,65536,1,delta_block_count,1638
row,16384,65536,1,discard_us,4972.666967660189
row,16384,65536,1,commit_us,48325.58403722942
row,16384,65536,2,snapshot_create_us,160.58306209743023
row,16384,65536,2,write_during_snap_total_us,5943.457828834653
row,16384,65536,2,write_during_snap_per_block_us,3.628484632988189
row,16384,65536,2,num_writes,1638
row,16384,65536,2,delta_block_count,1638
row,16384,65536,2,discard_us,4740.749951452017
row,16384,65536,2,commit_us,48129.41700220108
row,16384,65536,3,snapshot_create_us,178.12498845160007
row,16384,65536,3,write_during_snap_total_us,5791.040835902095
row,16384,65536,3,write_during_snap_per_block_us,3.5354339657521945
row,16384,65536,3,num_writes,1638
row,16384,65536,3,delta_block_count,1638
row,16384,65536,3,discard_us,4564.167000353336
row,16384,65536,3,commit_us,48841.207986697555
row,16384,65536,4,snapshot_create_us,160.20797193050385
row,16384,65536,4,write_during_snap_total_us,5979.791050776839
row,16384,65536,4,write_during_snap_per_block_us,3.6506660871653476
row,16384,65536,4,num_writes,1638
row,16384,65536,4,delta_block_count,1638
row,16384,65536,4,discard_us,4565.833834931254
row,16384,65536,4,commit_us,48434.667056426406
row,16384,65536,5,snapshot_create_us,172.58408479392529
row,16384,65536,5,write_during_snap_total_us,5882.167024537921
row,16384,65536,5,write_during_snap_per_block_us,3.5910665595469604
row,16384,65536,5,num_writes,1638
row,16384,65536,5,delta_block_count,1638
row,16384,65536,5,discard_us,4555.708030238748
row,16384,65536,5,commit_us,48298.874869942665
row,16384,65536,6,snapshot_create_us,180.5839128792286
row,16384,65536,6,write_during_snap_total_us,5885.791964828968
row,16384,65536,6,write_during_snap_per_block_us,3.5932795878076726
row,16384,65536,6,num_writes,1638
row,16384,65536,6,delta_block_count,1638
row,16384,65536,6,discard_us,4570.874851197004
row,16384,65536,6,commit_us,49097.750103101134
row,16384,65536,7,snapshot_create_us,161.9590912014246
row,16384,65536,7,write_during_snap_total_us,6071.0839461535215
row,16384,65536,7,write_during_snap_per_block_us,3.7064004555271803
row,16384,65536,7,num_writes,1638
row,16384,65536,7,delta_block_count,1638
row,16384,65536,7,discard_us,5437.749903649092
row,16384,65536,7,commit_us,48969.91699934006
row,16384,65536,8,snapshot_create_us,177.6660792529583
row,16384,65536,8,write_during_snap_total_us,6017.0418582856655
row,16384,65536,8,write_during_snap_per_block_us,3.6734077278911266
row,16384,65536,8,num_writes,1638
row,16384,65536,8,delta_block_count,1638
row,16384,65536,8,discard_us,4929.958842694759
row,16384,65536,8,commit_us,49448.625184595585
row,16384,65536,9,snapshot_create_us,165.74980691075325
row,16384,65536,9,write_during_snap_total_us,6437.333067879081
row,16384,65536,9,write_during_snap_per_block_us,3.9299957679359467
row,16384,65536,9,num_writes,1638
row,16384,65536,9,delta_block_count,1638
row,16384,65536,9,discard_us,5193.499848246574
row,16384,65536,9,commit_us,49180.832924321294
row,16384,65536,10,snapshot_create_us,199.33306612074375
row,16384,65536,10,write_during_snap_total_us,5694.125080481172
row,16384,65536,10,write_during_snap_per_block_us,3.476266837900593
row,16384,65536,10,num_writes,1638
row,16384,65536,10,delta_block_count,1638
row,16384,65536,10,discard_us,4462.166922166944
row,16384,65536,10,commit_us,48295.6669293344
cow,64,256,1,snapshot_create_us,118.66586282849312
cow,64,256,1,write_during_snap_total_us,315.1248674839735
cow,64,256,1,write_during_snap_per_block_us,52.520811247328915
cow,64,256,1,num_writes,6
cow,64,256,1,delta_block_count,6
cow,64,256,1,discard_us,38.24988380074501
cow,64,256,1,commit_us,4576.667211949825
cow,64,256,2,snapshot_create_us,83.99994112551212
cow,64,256,2,write_during_snap_total_us,246.5830184519291
cow,64,256,2,write_during_snap_per_block_us,41.09716974198818
cow,64,256,2,num_writes,6
cow,64,256,2,delta_block_count,6
cow,64,256,2,discard_us,30.624913051724434
cow,64,256,2,commit_us,4670.124966651201
cow,64,256,3,snapshot_create_us,108.58289897441864
cow,64,256,3,write_during_snap_total_us,261.9170118123293
cow,64,256,3,write_during_snap_per_block_us,43.65283530205488
cow,64,256,3,num_writes,6
cow,64,256,3,delta_block_count,6
cow,64,256,3,discard_us,43.584033846855164
cow,64,256,3,commit_us,4510.208033025265
cow,64,256,4,snapshot_create_us,105.2499283105135
cow,64,256,4,write_during_snap_total_us,268.5000654309988
cow,64,256,4,write_during_snap_per_block_us,44.75001090516647
cow,64,256,4,num_writes,6
cow,64,256,4,delta_block_count,6
cow,64,256,4,discard_us,36.29201091825962
cow,64,256,4,commit_us,4528.417019173503
cow,64,256,5,snapshot_create_us,93.833077698946
cow,64,256,5,write_during_snap_total_us,283.83289463818073
cow,64,256,5,write_during_snap_per_block_us,47.30548243969679
cow,64,256,5,num_writes,6
cow,64,256,5,delta_block_count,6
cow,64,256,5,discard_us,36.708079278469086
cow,64,256,5,commit_us,4520.624876022339
cow,64,256,6,snapshot_create_us,90.95785208046436
cow,64,256,6,write_during_snap_total_us,252.95792147517204
cow,64,256,6,write_during_snap_per_block_us,42.15965357919534
cow,64,256,6,num_writes,6
cow,64,256,6,delta_block_count,6
cow,64,256,6,discard_us,29.166927561163902
cow,64,256,6,commit_us,4517.958033829927
cow,64,256,7,snapshot_create_us,77.08393968641758
cow,64,256,7,write_during_snap_total_us,247.7499656379223
cow,64,256,7,write_during_snap_per_block_us,41.29166093965372
cow,64,256,7,num_writes,6
cow,64,256,7,delta_block_count,6
cow,64,256,7,discard_us,28.833048418164253
cow,64,256,7,commit_us,4758.208058774471
cow,64,256,8,snapshot_create_us,98.0000477284193
cow,64,256,8,write_during_snap_total_us,294.62482780218124
cow,64,256,8,write_during_snap_per_block_us,49.104137967030205
cow,64,256,8,num_writes,6
cow,64,256,8,delta_block_count,6
cow,64,256,8,discard_us,48.12492989003658
cow,64,256,8,commit_us,4449.249943718314
cow,64,256,9,snapshot_create_us,96.08408436179161
cow,64,256,9,write_during_snap_total_us,247.58302606642246
cow,64,256,9,write_during_snap_per_block_us,41.26383767773708
cow,64,256,9,num_writes,6
cow,64,256,9,delta_block_count,6
cow,64,256,9,discard_us,29.959017410874367
cow,64,256,9,commit_us,4456.999944522977
cow,64,256,10,snapshot_create_us,131.0841180384159
cow,64,256,10,write_during_snap_total_us,256.45806454122066
cow,64,256,10,write_during_snap_per_block_us,42.74301075687011
cow,64,256,10,num_writes,6
cow,64,256,10,delta_block_count,6
cow,64,256,10,discard_us,31.87498077750206
cow,64,256,10,commit_us,4426.042083650827
cow,256,1024,1,snapshot_create_us,132.24990107119083
cow,256,1024,1,write_during_snap_total_us,1119.7910644114017
cow,256,1024,1,write_during_snap_per_block_us,44.79164257645607
cow,256,1024,1,num_writes,25
cow,256,1024,1,delta_block_count,25
cow,256,1024,1,discard_us,41.999854147434235
cow,256,1024,1,commit_us,18293.541856110096
cow,256,1024,2,snapshot_create_us,106.9169957190752
cow,256,1024,2,write_during_snap_total_us,1095.999963581562
cow,256,1024,2,write_during_snap_per_block_us,43.83999854326248
cow,256,1024,2,num_writes,25
cow,256,1024,2,delta_block_count,25
cow,256,1024,2,discard_us,36.04101948440075
cow,256,1024,2,commit_us,18439.16717916727
cow,256,1024,3,snapshot_create_us,123.54087084531784
cow,256,1024,3,write_during_snap_total_us,1133.7501928210258
cow,256,1024,3,write_during_snap_per_block_us,45.350007712841034
cow,256,1024,3,num_writes,25
cow,256,1024,3,delta_block_count,25
cow,256,1024,3,discard_us,40.16701132059097
cow,256,1024,3,commit_us,17843.083012849092
cow,256,1024,4,snapshot_create_us,109.54216122627258
cow,256,1024,4,write_during_snap_total_us,1070.4579763114452
cow,256,1024,4,write_during_snap_per_block_us,42.81831905245781
cow,256,1024,4,num_writes,25
cow,256,1024,4,delta_block_count,25
cow,256,1024,4,discard_us,30.45797348022461
cow,256,1024,4,commit_us,18373.04118089378
cow,256,1024,5,snapshot_create_us,109.04204100370407
cow,256,1024,5,write_during_snap_total_us,1061.5410283207893
cow,256,1024,5,write_during_snap_per_block_us,42.46164113283157
cow,256,1024,5,num_writes,25
cow,256,1024,5,delta_block_count,25
cow,256,1024,5,discard_us,31.33295103907585
cow,256,1024,5,commit_us,18115.37495814264
cow,256,1024,6,snapshot_create_us,108.41712355613708
cow,256,1024,6,write_during_snap_total_us,1072.3331943154335
cow,256,1024,6,write_during_snap_per_block_us,42.89332777261734
cow,256,1024,6,num_writes,25
cow,256,1024,6,delta_block_count,25
cow,256,1024,6,discard_us,30.625145882368088
cow,256,1024,6,commit_us,18128.874944522977
cow,256,1024,7,snapshot_create_us,111.00014671683311
cow,256,1024,7,write_during_snap_total_us,1073.0419307947159
cow,256,1024,7,write_during_snap_per_block_us,42.921677231788635
cow,256,1024,7,num_writes,25
cow,256,1024,7,delta_block_count,25
cow,256,1024,7,discard_us,30.916882678866386
cow,256,1024,7,commit_us,18255.624920129776
cow,256,1024,8,snapshot_create_us,128.16698290407658
cow,256,1024,8,write_during_snap_total_us,1085.040858015418
cow,256,1024,8,write_during_snap_per_block_us,43.40163432061672
cow,256,1024,8,num_writes,25
cow,256,1024,8,delta_block_count,25
cow,256,1024,8,discard_us,34.1248232871294
cow,256,1024,8,commit_us,18242.625053972006
cow,256,1024,9,snapshot_create_us,123.12503531575203
cow,256,1024,9,write_during_snap_total_us,1079.0000669658184
cow,256,1024,9,write_during_snap_per_block_us,43.160002678632736
cow,256,1024,9,num_writes,25
cow,256,1024,9,delta_block_count,25
cow,256,1024,9,discard_us,33.16695801913738
cow,256,1024,9,commit_us,18143.708119168878
cow,256,1024,10,snapshot_create_us,136.45808212459087
cow,256,1024,10,write_during_snap_total_us,1088.5000228881836
cow,256,1024,10,write_during_snap_per_block_us,43.540000915527344
cow,256,1024,10,num_writes,25
cow,256,1024,10,delta_block_count,25
cow,256,1024,10,discard_us,56.958990171551704
cow,256,1024,10,commit_us,18027.83296443522
cow,1024,4096,1,snapshot_create_us,243.99999529123306
cow,1024,4096,1,write_during_snap_total_us,6149.041932076216
cow,1024,4096,1,write_during_snap_per_block_us,60.28472482427662
cow,1024,4096,1,num_writes,102
cow,1024,4096,1,delta_block_count,102
cow,1024,4096,1,discard_us,69.95792500674725
cow,1024,4096,1,commit_us,75255.04194200039
cow,1024,4096,2,snapshot_create_us,240.70916697382927
cow,1024,4096,2,write_during_snap_total_us,6174.582988023758
cow,1024,4096,2,write_during_snap_per_block_us,60.53512733356625
cow,1024,4096,2,num_writes,102
cow,1024,4096,2,delta_block_count,102
cow,1024,4096,2,discard_us,69.24988701939583
cow,1024,4096,2,commit_us,73215.04200808704
cow,1024,4096,3,snapshot_create_us,260.7910428196192
cow,1024,4096,3,write_during_snap_total_us,4515.124950557947
cow,1024,4096,3,write_during_snap_per_block_us,44.26593088782301
cow,1024,4096,3,num_writes,102
cow,1024,4096,3,delta_block_count,102
cow,1024,4096,3,discard_us,69.12508979439735
cow,1024,4096,3,commit_us,78639.04093392193
cow,1024,4096,4,snapshot_create_us,673.6251525580883
cow,1024,4096,4,write_during_snap_total_us,4443.167010322213
cow,1024,4096,4,write_during_snap_per_block_us,43.560460885511894
cow,1024,4096,4,num_writes,102
cow,1024,4096,4,delta_block_count,102
cow,1024,4096,4,discard_us,68.08293983340263
cow,1024,4096,4,commit_us,76082.62496069074
cow,1024,4096,5,snapshot_create_us,412.5409759581089
cow,1024,4096,5,write_during_snap_total_us,9011.124959215522
cow,1024,4096,5,write_during_snap_per_block_us,88.34436234525022
cow,1024,4096,5,num_writes,102
cow,1024,4096,5,delta_block_count,102
cow,1024,4096,5,discard_us,80.79200051724911
cow,1024,4096,5,commit_us,77971.49987891316
cow,1024,4096,6,snapshot_create_us,240.83303287625313
cow,1024,4096,6,write_during_snap_total_us,7681.499933823943
cow,1024,4096,6,write_during_snap_per_block_us,75.30882288062689
cow,1024,4096,6,num_writes,102
cow,1024,4096,6,delta_block_count,102
cow,1024,4096,6,discard_us,67.7499920129776
cow,1024,4096,6,commit_us,77619.37496252358
cow,1024,4096,7,snapshot_create_us,213.79184909164906
cow,1024,4096,7,write_during_snap_total_us,4474.082961678505
cow,1024,4096,7,write_during_snap_per_block_us,43.86355844782848
cow,1024,4096,7,num_writes,102
cow,1024,4096,7,delta_block_count,102
cow,1024,4096,7,discard_us,70.58284245431423
cow,1024,4096,7,commit_us,75518.33312027156
cow,1024,4096,8,snapshot_create_us,215.5001275241375
cow,1024,4096,8,write_during_snap_total_us,7651.624968275428
cow,1024,4096,8,write_during_snap_per_block_us,75.0159310615238
cow,1024,4096,8,num_writes,102
cow,1024,4096,8,delta_block_count,102
cow,1024,4096,8,discard_us,70.04197686910629
cow,1024,4096,8,commit_us,77006.41616247594
cow,1024,4096,9,snapshot_create_us,316.45805574953556
cow,1024,4096,9,write_during_snap_total_us,7642.374839633703
cow,1024,4096,9,write_during_snap_per_block_us,74.92524352582062
cow,1024,4096,9,num_writes,102
cow,1024,4096,9,delta_block_count,102
cow,1024,4096,9,discard_us,72.16702215373516
cow,1024,4096,9,commit_us,74220.91695480049
cow,1024,4096,10,snapshot_create_us,227.75004617869854
cow,1024,4096,10,write_during_snap_total_us,7551.250047981739
cow,1024,4096,10,write_during_snap_per_block_us,74.03186321550724
cow,1024,4096,10,num_writes,102
cow,1024,4096,10,delta_block_count,102
cow,1024,4096,10,discard_us,99.04196485877037
cow,1024,4096,10,commit_us,70210.58304235339
cow,4096,16384,1,snapshot_create_us,1286.8328485637903
cow,4096,16384,1,write_during_snap_total_us,22789.33417983353
cow,4096,16384,1,write_during_snap_per_block_us,55.71964347147563
cow,4096,16384,1,num_writes,409
cow,4096,16384,1,delta_block_count,409
cow,4096,16384,1,discard_us,214.20815028250217
cow,4096,16384,1,commit_us,294991.8338563293
cow,4096,16384,2,snapshot_create_us,1206.0420121997595
cow,4096,16384,2,write_during_snap_total_us,25249.625090509653
cow,4096,16384,2,write_during_snap_per_block_us,61.735024671172745
cow,4096,16384,2,num_writes,409
cow,4096,16384,2,delta_block_count,409
cow,4096,16384,2,discard_us,220.12507542967796
cow,4096,16384,2,commit_us,307306.20911344886
cow,4096,16384,3,snapshot_create_us,1178.832957521081
cow,4096,16384,3,write_during_snap_total_us,23814.250016584992
cow,4096,16384,3,write_during_snap_per_block_us,58.22555016279949
cow,4096,16384,3,num_writes,409
cow,4096,16384,3,delta_block_count,409
cow,4096,16384,3,discard_us,194.9579454958439
cow,4096,16384,3,commit_us,309428.41712385416
cow,4096,16384,4,snapshot_create_us,1175.0420089811087
cow,4096,16384,4,write_during_snap_total_us,24459.333857521415
cow,4096,16384,4,write_during_snap_per_block_us,59.80277226777852
cow,4096,16384,4,num_writes,409
cow,4096,16384,4,delta_block_count,409
cow,4096,16384,4,discard_us,199.45809617638588
cow,4096,16384,4,commit_us,302454.74982075393
cow,4096,16384,5,snapshot_create_us,1200.2501171082258
cow,4096,16384,5,write_during_snap_total_us,23384.167114272714
cow,4096,16384,5,write_during_snap_per_block_us,57.174002724383165
cow,4096,16384,5,num_writes,409
cow,4096,16384,5,delta_block_count,409
cow,4096,16384,5,discard_us,213.20884115993977
cow,4096,16384,5,commit_us,297854.7918610275
cow,4096,16384,6,snapshot_create_us,1206.7088391631842
cow,4096,16384,6,write_during_snap_total_us,22856.83318041265
cow,4096,16384,6,write_during_snap_per_block_us,55.88467770272042
cow,4096,16384,6,num_writes,409
cow,4096,16384,6,delta_block_count,409
cow,4096,16384,6,discard_us,199.0839373320341
cow,4096,16384,6,commit_us,301712.6659397036
cow,4096,16384,7,snapshot_create_us,1144.7500437498093
cow,4096,16384,7,write_during_snap_total_us,23485.70805042982
cow,4096,16384,7,write_during_snap_per_block_us,57.422269071955554
cow,4096,16384,7,num_writes,409
cow,4096,16384,7,delta_block_count,409
cow,4096,16384,7,discard_us,189.25010226666927
cow,4096,16384,7,commit_us,291281.83401189744
cow,4096,16384,8,snapshot_create_us,1142.2079987823963
cow,4096,16384,8,write_during_snap_total_us,22168.87497343123
cow,4096,16384,8,write_during_snap_per_block_us,54.20262829689787
cow,4096,16384,8,num_writes,409
cow,4096,16384,8,delta_block_count,409
cow,4096,16384,8,discard_us,195.50020806491375
cow,4096,16384,8,commit_us,300274.2910757661
cow,4096,16384,9,snapshot_create_us,1169.834053143859
cow,4096,16384,9,write_during_snap_total_us,21806.750213727355
cow,4096,16384,9,write_during_snap_per_block_us,53.31723768637495
cow,4096,16384,9,num_writes,409
cow,4096,16384,9,delta_block_count,409
cow,4096,16384,9,discard_us,195.58309577405453
cow,4096,16384,9,commit_us,293482.58301615715
cow,4096,16384,10,snapshot_create_us,1148.0420362204313
cow,4096,16384,10,write_during_snap_total_us,25452.791014686227
cow,4096,16384,10,write_during_snap_per_block_us,62.23176287209346
cow,4096,16384,10,num_writes,409
cow,4096,16384,10,delta_block_count,409
cow,4096,16384,10,discard_us,199.91700537502766
cow,4096,16384,10,commit_us,296859.6669379622
cow,16384,65536,1,snapshot_create_us,189.45802003145218
cow,16384,65536,1,write_during_snap_total_us,56821.50018401444
cow,16384,65536,1,write_during_snap_per_block_us,34.689560551901366
cow,16384,65536,1,num_writes,1638
cow,16384,65536,1,delta_block_count,1638
cow,16384,65536,1,discard_us,720.7919843494892
cow,16384,65536,1,commit_us,1059206.1248607934
cow,16384,65536,2,snapshot_create_us,180.99998123943806
cow,16384,65536,2,write_during_snap_total_us,56910.499930381775
cow,16384,65536,2,write_during_snap_per_block_us,34.743894951393024
cow,16384,65536,2,num_writes,1638
cow,16384,65536,2,delta_block_count,1638
cow,16384,65536,2,discard_us,731.2910165637732
cow,16384,65536,2,commit_us,1046597.4169783294
cow,16384,65536,3,snapshot_create_us,174.0839798003435
cow,16384,65536,3,write_during_snap_total_us,57318.5000102967
cow,16384,65536,3,write_during_snap_per_block_us,34.99297924926539
cow,16384,65536,3,num_writes,1638
cow,16384,65536,3,delta_block_count,1638
cow,16384,65536,3,discard_us,722.7500900626183
cow,16384,65536,3,commit_us,1055779.6251960099
cow,16384,65536,4,snapshot_create_us,171.29117622971535
cow,16384,65536,4,write_during_snap_total_us,57401.95792168379
cow,16384,65536,4,write_during_snap_per_block_us,35.043930355118306
cow,16384,65536,4,num_writes,1638
cow,16384,65536,4,delta_block_count,1638
cow,16384,65536,4,discard_us,708.2920055836439
cow,16384,65536,4,commit_us,1060925.8750919253
cow,16384,65536,5,snapshot_create_us,151.50010585784912
cow,16384,65536,5,write_during_snap_total_us,57057.79115669429
cow,16384,65536,5,write_during_snap_per_block_us,34.8338163349782
cow,16384,65536,5,num_writes,1638
cow,16384,65536,5,delta_block_count,1638
cow,16384,65536,5,discard_us,712.8750439733267
cow,16384,65536,5,commit_us,1104166.9170372188
cow,16384,65536,6,snapshot_create_us,155.12481331825256
cow,16384,65536,6,write_during_snap_total_us,57318.791979923844
cow,16384,65536,6,write_during_snap_per_block_us,34.993157496901006
cow,16384,65536,6,num_writes,1638
cow,16384,65536,6,delta_block_count,1638
cow,16384,65536,6,discard_us,707.2079461067915
cow,16384,65536,6,commit_us,1052395.3749798238
cow,16384,65536,7,snapshot_create_us,192.75001250207424
cow,16384,65536,7,write_during_snap_total_us,57051.29215493798
cow,16384,65536,7,write_during_snap_per_block_us,34.829848690438325
cow,16384,65536,7,num_writes,1638
cow,16384,65536,7,delta_block_count,1638
cow,16384,65536,7,discard_us,724.9170448631048
cow,16384,65536,7,commit_us,1067241.3329593837
cow,16384,65536,8,snapshot_create_us,170.8341296762228
cow,16384,65536,8,write_during_snap_total_us,56981.66601359844
cow,16384,65536,8,write_during_snap_per_block_us,34.78734188864374
cow,16384,65536,8,num_writes,1638
cow,16384,65536,8,delta_block_count,1638
cow,16384,65536,8,discard_us,730.2919402718544
cow,16384,65536,8,commit_us,1062392.9998837411
cow,16384,65536,9,snapshot_create_us,178.95898781716824
cow,16384,65536,9,write_during_snap_total_us,58749.33302402496
cow,16384,65536,9,write_during_snap_per_block_us,35.86650367767092
cow,16384,65536,9,num_writes,1638
cow,16384,65536,9,delta_block_count,1638
cow,16384,65536,9,discard_us,707.5830362737179
cow,16384,65536,9,commit_us,1090037.5831406564
cow,16384,65536,10,snapshot_create_us,162.24989667534828
cow,16384,65536,10,write_during_snap_total_us,57083.79205316305
cow,16384,65536,10,write_during_snap_per_block_us,34.84968989814594
cow,16384,65536,10,num_writes,1638
cow,16384,65536,10,delta_block_count,1638
cow,16384,65536,10,discard_us,715.2920588850975
cow,16384,65536,10,commit_us,1063738.2499407977
fullcopy,64,256,1,snapshot_create_us,213.750172406435
fullcopy,64,256,1,write_during_snap_total_us,28.37507054209709
fullcopy,64,256,1,write_during_snap_per_block_us,4.729178423682849
fullcopy,64,256,1,num_writes,6
fullcopy,64,256,1,delta_block_count,6
fullcopy,64,256,1,discard_us,75.54097101092339
fullcopy,64,256,1,commit_us,57.374825701117516
fullcopy,64,256,2,snapshot_create_us,140.70793986320496
fullcopy,64,256,2,write_during_snap_total_us,20.625069737434387
fullcopy,64,256,2,write_during_snap_per_block_us,3.437511622905731
fullcopy,64,256,2,num_writes,6
fullcopy,64,256,2,delta_block_count,6
fullcopy,64,256,2,discard_us,46.3749747723341
fullcopy,64,256,2,commit_us,46.083005145192146
fullcopy,64,256,3,snapshot_create_us,131.41706585884094
fullcopy,64,256,3,write_during_snap_total_us,19.91703175008297
fullcopy,64,256,3,write_during_snap_per_block_us,3.319505291680495
fullcopy,64,256,3,num_writes,6
fullcopy,64,256,3,delta_block_count,6
fullcopy,64,256,3,discard_us,31.250063329935074
fullcopy,64,256,3,commit_us,46.3749747723341
fullcopy,64,256,4,snapshot_create_us,156.24985098838806
fullcopy,64,256,4,write_during_snap_total_us,27.54107117652893
fullcopy,64,256,4,write_during_snap_per_block_us,4.590178529421489
fullcopy,64,256,4,num_writes,6
fullcopy,64,256,4,delta_block_count,6
fullcopy,64,256,4,discard_us,39.33277912437916
fullcopy,64,256,4,commit_us,50.08280277252197
fullcopy,64,256,5,snapshot_create_us,102.37493552267551
fullcopy,64,256,5,write_during_snap_total_us,18.707942217588425
fullcopy,64,256,5,write_during_snap_per_block_us,3.1179903695980706
fullcopy,64,256,5,num_writes,6
fullcopy,64,256,5,delta_block_count,6
fullcopy,64,256,5,discard_us,31.95810131728649
fullcopy,64,256,5,commit_us,47.29093052446842
fullcopy,64,256,6,snapshot_create_us,114.1249667853117
fullcopy,64,256,6,write_during_snap_total_us,20.165927708148956
fullcopy,64,256,6,write_during_snap_per_block_us,3.3609879513581595
fullcopy,64,256,6,num_writes,6
fullcopy,64,256,6,delta_block_count,6
fullcopy,64,256,6,discard_us,25.625107809901237
fullcopy,64,256,6,commit_us,38.95792178809643
fullcopy,64,256,7,snapshot_create_us,114.24999684095383
fullcopy,64,256,7,write_during_snap_total_us,26.332912966609
fullcopy,64,256,7,write_during_snap_per_block_us,4.388818827768167
fullcopy,64,256,7,num_writes,6
fullcopy,64,256,7,delta_block_count,6
fullcopy,64,256,7,discard_us,27.082860469818115
fullcopy,64,256,7,commit_us,38.207974284887314
fullcopy,64,256,8,snapshot_create_us,93.04191917181015
fullcopy,64,256,8,write_during_snap_total_us,18.70887354016304
fullcopy,64,256,8,write_during_snap_per_block_us,3.1181455900271735
fullcopy,64,256,8,num_writes,6
fullcopy,64,256,8,delta_block_count,6
fullcopy,64,256,8,discard_us,32.29198046028614
fullcopy,64,256,8,commit_us,37.41704858839512
fullcopy,64,256,9,snapshot_create_us,104.62501086294651
fullcopy,64,256,9,write_during_snap_total_us,18.957769498229027
fullcopy,64,256,9,write_during_snap_per_block_us,3.159628249704838
fullcopy,64,256,9,num_writes,6
fullcopy,64,256,9,delta_block_count,6
fullcopy,64,256,9,discard_us,34.667085856199265
fullcopy,64,256,9,commit_us,36.667101085186005
fullcopy,64,256,10,snapshot_create_us,105.54189793765545
fullcopy,64,256,10,write_during_snap_total_us,21.791085600852966
fullcopy,64,256,10,write_during_snap_per_block_us,3.631847600142161
fullcopy,64,256,10,num_writes,6
fullcopy,64,256,10,delta_block_count,6
fullcopy,64,256,10,discard_us,29.45796586573124
fullcopy,64,256,10,commit_us,47.83296026289463
fullcopy,256,1024,1,snapshot_create_us,206.5841108560562
fullcopy,256,1024,1,write_during_snap_total_us,77.62503810226917
fullcopy,256,1024,1,write_during_snap_per_block_us,3.105001524090767
fullcopy,256,1024,1,num_writes,25
fullcopy,256,1024,1,delta_block_count,25
fullcopy,256,1024,1,discard_us,41.00007936358452
fullcopy,256,1024,1,commit_us,55.50007335841656
fullcopy,256,1024,2,snapshot_create_us,164.08413648605347
fullcopy,256,1024,2,write_during_snap_total_us,74.16610606014729
fullcopy,256,1024,2,write_during_snap_per_block_us,2.9666442424058914
fullcopy,256,1024,2,num_writes,25
fullcopy,256,1024,2,delta_block_count,25
fullcopy,256,1024,2,discard_us,43.75004209578037
fullcopy,256,1024,2,commit_us,42.45806485414505
fullcopy,256,1024,3,snapshot_create_us,178.08307893574238
fullcopy,256,1024,3,write_during_snap_total_us,77.91700772941113
fullcopy,256,1024,3,write_during_snap_per_block_us,3.116680309176445
fullcopy,256,1024,3,num_writes,25
fullcopy,256,1024,3,delta_block_count,25
fullcopy,256,1024,3,discard_us,38.45803439617157
fullcopy,256,1024,3,commit_us,37.83288411796093
fullcopy,256,1024,4,snapshot_create_us,165.5840314924717
fullcopy,256,1024,4,write_during_snap_total_us,87.74991147220135
fullcopy,256,1024,4,write_during_snap_per_block_us,3.509996458888054
fullcopy,256,1024,4,num_writes,25
fullcopy,256,1024,4,delta_block_count,25
fullcopy,256,1024,4,discard_us,34.37488339841366
fullcopy,256,1024,4,commit_us,50.83298310637474
fullcopy,256,1024,5,snapshot_create_us,153.00000086426735
fullcopy,256,1024,5,write_during_snap_total_us,74.1670373827219
fullcopy,256,1024,5,write_during_snap_per_block_us,2.966681495308876
fullcopy,256,1024,5,num_writes,25
fullcopy,256,1024,5,delta_block_count,25
fullcopy,256,1024,5,discard_us,48.50002005696297
fullcopy,256,1024,5,commit_us,37.37513907253742
fullcopy,256,1024,6,snapshot_create_us,176.37480050325394
fullcopy,256,1024,6,write_during_snap_total_us,75.95797069370747
fullcopy,256,1024,6,write_during_snap_per_block_us,3.0383188277482986
fullcopy,256,1024,6,num_writes,25
fullcopy,256,1024,6,delta_block_count,25
fullcopy,256,1024,6,discard_us,47.625042498111725
fullcopy,256,1024,6,commit_us,50.625065341591835
fullcopy,256,1024,7,snapshot_create_us,164.50020484626293
fullcopy,256,1024,7,write_during_snap_total_us,78.75007577240467
fullcopy,256,1024,7,write_during_snap_per_block_us,3.150003030896187
fullcopy,256,1024,7,num_writes,25
fullcopy,256,1024,7,delta_block_count,25
fullcopy,256,1024,7,discard_us,47.999899834394455
fullcopy,256,1024,7,commit_us,47.250185161828995
fullcopy,256,1024,8,snapshot_create_us,162.08412125706673
fullcopy,256,1024,8,write_during_snap_total_us,73.66598583757877
fullcopy,256,1024,8,write_during_snap_per_block_us,2.946639433503151
fullcopy,256,1024,8,num_writes,25
fullcopy,256,1024,8,delta_block_count,25
fullcopy,256,1024,8,discard_us,49.12493750452995
fullcopy,256,1024,8,commit_us,38.87503407895565
fullcopy,256,1024,9,snapshot_create_us,183.91688354313374
fullcopy,256,1024,9,write_during_snap_total_us,73.70812818408012
fullcopy,256,1024,9,write_during_snap_per_block_us,2.948325127363205
fullcopy,256,1024,9,num_writes,25
fullcopy,256,1024,9,delta_block_count,25
fullcopy,256,1024,9,discard_us,53.20785567164421
fullcopy,256,1024,9,commit_us,41.29204899072647
fullcopy,256,1024,10,snapshot_create_us,148.62511307001114
fullcopy,256,1024,10,write_during_snap_total_us,77.7500681579113
fullcopy,256,1024,10,write_during_snap_per_block_us,3.110002726316452
fullcopy,256,1024,10,num_writes,25
fullcopy,256,1024,10,delta_block_count,25
fullcopy,256,1024,10,discard_us,41.207997128367424
fullcopy,256,1024,10,commit_us,38.125086575746536
fullcopy,1024,4096,1,snapshot_create_us,417.6250658929348
fullcopy,1024,4096,1,write_during_snap_total_us,313.7500025331974
fullcopy,1024,4096,1,write_during_snap_per_block_us,3.0759804169921314
fullcopy,1024,4096,1,num_writes,102
fullcopy,1024,4096,1,delta_block_count,102
fullcopy,1024,4096,1,discard_us,62.6659020781517
fullcopy,1024,4096,1,commit_us,43.37518475949764
fullcopy,1024,4096,2,snapshot_create_us,409.66691449284554
fullcopy,1024,4096,2,write_during_snap_total_us,320.45808620750904
fullcopy,1024,4096,2,write_during_snap_per_block_us,3.1417459432108727
fullcopy,1024,4096,2,num_writes,102
fullcopy,1024,4096,2,delta_block_count,102
fullcopy,1024,4096,2,discard_us,50.95801316201687
fullcopy,1024,4096,2,commit_us,46.584056690335274
fullcopy,1024,4096,3,snapshot_create_us,443.41711327433586
fullcopy,1024,4096,3,write_during_snap_total_us,307.6670691370964
fullcopy,1024,4096,3,write_during_snap_per_block_us,3.0163438150695727
fullcopy,1024,4096,3,num_writes,102
fullcopy,1024,4096,3,delta_block_count,102
fullcopy,1024,4096,3,discard_us,64.95811976492405
fullcopy,1024,4096,3,commit_us,49.625057727098465
fullcopy,1024,4096,4,snapshot_create_us,449.16593469679356
fullcopy,1024,4096,4,write_during_snap_total_us,312.33392655849457
fullcopy,1024,4096,4,write_during_snap_per_block_us,3.062097319200927
fullcopy,1024,4096,4,num_writes,102
fullcopy,1024,4096,4,delta_block_count,102
fullcopy,1024,4096,4,discard_us,61.208149418234825
fullcopy,1024,4096,4,commit_us,46.416884288191795
fullcopy,1024,4096,5,snapshot_create_us,443.0417902767658
fullcopy,1024,4096,5,write_during_snap_total_us,323.4997857362032
fullcopy,1024,4096,5,write_during_snap_per_block_us,3.1715665268255213
fullcopy,1024,4096,5,num_writes,102
fullcopy,1024,4096,5,delta_block_count,102
fullcopy,1024,4096,5,discard_us,61.166007071733475
fullcopy,1024,4096,5,commit_us,48.209214583039284
fullcopy,1024,4096,6,snapshot_create_us,456.6251300275326
fullcopy,1024,4096,6,write_during_snap_total_us,320.45808620750904
fullcopy,1024,4096,6,write_during_snap_per_block_us,3.1417459432108727
fullcopy,1024,4096,6,num_writes,102
fullcopy,1024,4096,6,delta_block_count,102
fullcopy,1024,4096,6,discard_us,59.45912562310696
fullcopy,1024,4096,6,commit_us,47.083012759685516
fullcopy,1024,4096,7,snapshot_create_us,432.87500739097595
fullcopy,1024,4096,7,write_during_snap_total_us,319.8748454451561
fullcopy,1024,4096,7,write_during_snap_per_block_us,3.136027896521138
fullcopy,1024,4096,7,num_writes,102
fullcopy,1024,4096,7,delta_block_count,102
fullcopy,1024,4096,7,discard_us,58.12500603497028
fullcopy,1024,4096,7,commit_us,52.20901221036911
fullcopy,1024,4096,8,snapshot_create_us,496.2089005857706
fullcopy,1024,4096,8,write_during_snap_total_us,323.3749885112047
fullcopy,1024,4096,8,write_during_snap_per_block_us,3.1703430246196542
fullcopy,1024,4096,8,num_writes,102
fullcopy,1024,4096,8,delta_block_count,102
fullcopy,1024,4096,8,discard_us,66.50015711784363
fullcopy,1024,4096,8,commit_us,48.37499000132084
fullcopy,1024,4096,9,snapshot_create_us,442.54097156226635
fullcopy,1024,4096,9,write_during_snap_total_us,317.7500329911709
fullcopy,1024,4096,9,write_during_snap_per_block_us,3.115196401874224
fullcopy,1024,4096,9,num_writes,102
fullcopy,1024,4096,9,delta_block_count,102
fullcopy,1024,4096,9,discard_us,62.417006120085716
fullcopy,1024,4096,9,commit_us,44.54189911484718
fullcopy,1024,4096,10,snapshot_create_us,427.04096995294094
fullcopy,1024,4096,10,write_during_snap_total_us,318.16703267395496
fullcopy,1024,4096,10,write_during_snap_per_block_us,3.119284634058382
fullcopy,1024,4096,10,num_writes,102
fullcopy,1024,4096,10,delta_block_count,102
fullcopy,1024,4096,10,discard_us,59.20790135860443
fullcopy,1024,4096,10,commit_us,44.582877308130264
fullcopy,4096,16384,1,snapshot_create_us,1943.9579918980598
fullcopy,4096,16384,1,write_during_snap_total_us,1350.6670948117971
fullcopy,4096,16384,1,write_during_snap_per_block_us,3.302364534992169
fullcopy,4096,16384,1,num_writes,409
fullcopy,4096,16384,1,delta_block_count,409
fullcopy,4096,16384,1,discard_us,124.16602112352848
fullcopy,4096,16384,1,commit_us,80.16708306968212
fullcopy,4096,16384,2,snapshot_create_us,1893.5420084744692
fullcopy,4096,16384,2,write_during_snap_total_us,1279.9161486327648
fullcopy,4096,16384,2,write_during_snap_per_block_us,3.129379336510427
fullcopy,4096,16384,2,num_writes,409
fullcopy,4096,16384,2,delta_block_count,409
fullcopy,4096,16384,2,discard_us,132.62499123811722
fullcopy,4096,16384,2,commit_us,77.29185745120049
fullcopy,4096,16384,3,snapshot_create_us,2004.4578704982996
fullcopy,4096,16384,3,write_during_snap_total_us,1321.7499945312738
fullcopy,4096,16384,3,write_during_snap_per_block_us,3.231662578316073
fullcopy,4096,16384,3,num_writes,409
fullcopy,4096,16384,3,delta_block_count,409
fullcopy,4096,16384,3,discard_us,124.87499043345451
fullcopy,4096,16384,3,commit_us,61.45820952951908
fullcopy,4096,16384,4,snapshot_create_us,2063.708147034049
fullcopy,4096,16384,4,write_during_snap_total_us,1376.4998875558376
fullcopy,4096,16384,4,write_during_snap_per_block_us,3.3655253974470356
fullcopy,4096,16384,4,num_writes,409
fullcopy,4096,16384,4,delta_block_count,409
fullcopy,4096,16384,4,discard_us,156.1250537633896
fullcopy,4096,16384,4,commit_us,66.6249543428421
fullcopy,4096,16384,5,snapshot_create_us,1921.165967360139
fullcopy,4096,16384,5,write_during_snap_total_us,1350.0829227268696
fullcopy,4096,16384,5,write_during_snap_per_block_us,3.300936241385989
fullcopy,4096,16384,5,num_writes,409
fullcopy,4096,16384,5,delta_block_count,409
fullcopy,4096,16384,5,discard_us,132.6659694314003
fullcopy,4096,16384,5,commit_us,71.66690193116665
fullcopy,4096,16384,6,snapshot_create_us,1894.66611482203
fullcopy,4096,16384,6,write_during_snap_total_us,1370.667014271021
fullcopy,4096,16384,6,write_during_snap_per_block_us,3.351264093572178
fullcopy,4096,16384,6,num_writes,409
fullcopy,4096,16384,6,delta_block_count,409
fullcopy,4096,16384,6,discard_us,135.45784167945385
fullcopy,4096,16384,6,commit_us,70.62498480081558
fullcopy,4096,16384,7,snapshot_create_us,1900.7499795407057
fullcopy,4096,16384,7,write_during_snap_total_us,1289.7909618914127
fullcopy,4096,16384,7,write_during_snap_per_block_us,3.1535231342088332
fullcopy,4096,16384,7,num_writes,409
fullcopy,4096,16384,7,delta_block_count,409
fullcopy,4096,16384,7,discard_us,119.83304284512997
fullcopy,4096,16384,7,commit_us,69.70786489546299
fullcopy,4096,16384,8,snapshot_create_us,1910.374965518713
fullcopy,4096,16384,8,write_during_snap_total_us,1289.7078413516283
fullcopy,4096,16384,8,write_during_snap_per_block_us,3.1533199055052035
fullcopy,4096,16384,8,num_writes,409
fullcopy,4096,16384,8,delta_block_count,409
fullcopy,4096,16384,8,discard_us,126.08314864337444
fullcopy,4096,16384,8,commit_us,63.125044107437134
fullcopy,4096,16384,9,snapshot_create_us,2057.4999507516623
fullcopy,4096,16384,9,write_during_snap_total_us,1367.4590736627579
fullcopy,4096,16384,9,write_during_snap_per_block_us,3.343420718001853
fullcopy,4096,16384,9,num_writes,409
fullcopy,4096,16384,9,delta_block_count,409
fullcopy,4096,16384,9,discard_us,150.08309856057167
fullcopy,4096,16384,9,commit_us,72.33303040266037
fullcopy,4096,16384,10,snapshot_create_us,2009.7079686820507
fullcopy,4096,16384,10,write_during_snap_total_us,1309.9589850753546
fullcopy,4096,16384,10,write_during_snap_per_block_us,3.2028337043407205
fullcopy,4096,16384,10,num_writes,409
fullcopy,4096,16384,10,delta_block_count,409
fullcopy,4096,16384,10,discard_us,129.87502850592136
fullcopy,4096,16384,10,commit_us,64.83402103185654
fullcopy,16384,65536,1,snapshot_create_us,8465.625112876296
fullcopy,16384,65536,1,write_during_snap_total_us,5544.417072087526
fullcopy,16384,65536,1,write_during_snap_per_block_us,3.384870007379442
fullcopy,16384,65536,1,num_writes,1638
fullcopy,16384,65536,1,delta_block_count,1638
fullcopy,16384,65536,1,discard_us,624.7090641409159
fullcopy,16384,65536,1,commit_us,74.08391684293747
fullcopy,16384,65536,2,snapshot_create_us,8283.916162326932
fullcopy,16384,65536,2,write_during_snap_total_us,5276.290932670236
fullcopy,16384,65536,2,write_during_snap_per_block_us,3.2211788355740145
fullcopy,16384,65536,2,num_writes,1638
fullcopy,16384,65536,2,delta_block_count,1638
fullcopy,16384,65536,2,discard_us,648.6668717116117
fullcopy,16384,65536,2,commit_us,81.24997839331627
fullcopy,16384,65536,3,snapshot_create_us,8277.083979919553
fullcopy,16384,65536,3,write_during_snap_total_us,5200.45799203217
fullcopy,16384,65536,3,write_during_snap_per_block_us,3.174882779018419
fullcopy,16384,65536,3,num_writes,1638
fullcopy,16384,65536,3,delta_block_count,1638
fullcopy,16384,65536,3,discard_us,629.3749902397394
fullcopy,16384,65536,3,commit_us,80.45812137424946
fullcopy,16384,65536,4,snapshot_create_us,8201.417047530413
fullcopy,16384,65536,4,write_during_snap_total_us,5082.3751371353865
fullcopy,16384,65536,4,write_during_snap_per_block_us,3.1027931240142776
fullcopy,16384,65536,4,num_writes,1638
fullcopy,16384,65536,4,delta_block_count,1638
fullcopy,16384,65536,4,discard_us,601.9589491188526
fullcopy,16384,65536,4,commit_us,84.70797911286354
fullcopy,16384,65536,5,snapshot_create_us,8009.916869923472
fullcopy,16384,65536,5,write_during_snap_total_us,5134.042119607329
fullcopy,16384,65536,5,write_during_snap_per_block_us,3.1343358483561228
fullcopy,16384,65536,5,num_writes,1638
fullcopy,16384,65536,5,delta_block_count,1638
fullcopy,16384,65536,5,discard_us,616.4999213069677
fullcopy,16384,65536,5,commit_us,74.79102350771427
fullcopy,16384,65536,6,snapshot_create_us,8279.875153675675
fullcopy,16384,65536,6,write_during_snap_total_us,5257.250042632222
fullcopy,16384,65536,6,write_during_snap_per_block_us,3.209554360581332
fullcopy,16384,65536,6,num_writes,1638
fullcopy,16384,65536,6,delta_block_count,1638
fullcopy,16384,65536,6,discard_us,701.7920725047588
fullcopy,16384,65536,6,commit_us,77.54191756248474
fullcopy,16384,65536,7,snapshot_create_us,8135.54204069078
fullcopy,16384,65536,7,write_during_snap_total_us,5164.0840247273445
fullcopy,16384,65536,7,write_during_snap_per_block_us,3.1526764497724935
fullcopy,16384,65536,7,num_writes,1638
fullcopy,16384,65536,7,delta_block_count,1638
fullcopy,16384,65536,7,discard_us,619.0829444676638
fullcopy,16384,65536,7,commit_us,88.20788934826851
fullcopy,16384,65536,8,snapshot_create_us,7971.04206867516
fullcopy,16384,65536,8,write_during_snap_total_us,5046.250065788627
fullcopy,16384,65536,8,write_during_snap_per_block_us,3.0807387459027025
fullcopy,16384,65536,8,num_writes,1638
fullcopy,16384,65536,8,delta_block_count,1638
fullcopy,16384,65536,8,discard_us,605.9999577701092
fullcopy,16384,65536,8,commit_us,84.16618220508099
fullcopy,16384,65536,9,snapshot_create_us,8439.624914899468
fullcopy,16384,65536,9,write_during_snap_total_us,5050.832871347666
fullcopy,16384,65536,9,write_during_snap_per_block_us,3.0835365514943014
fullcopy,16384,65536,9,num_writes,1638
fullcopy,16384,65536,9,delta_block_count,1638
fullcopy,16384,65536,9,discard_us,648.7080827355385
fullcopy,16384,65536,9,commit_us,78.62504571676254
fullcopy,16384,65536,10,snapshot_create_us,8338.209008798003
fullcopy,16384,65536,10,write_during_snap_total_us,5145.124858245254
fullcopy,16384,65536,10,write_during_snap_per_block_us,3.1411018670605944
fullcopy,16384,65536,10,num_writes,1638
fullcopy,16384,65536,10,delta_block_count,1638
fullcopy,16384,65536,10,discard_us,630.8748852461576
fullcopy,16384,65536,10,commit_us,142.54101552069187
